country,code,"Mean of crude est. all genders BMI > 25, year 2010","Mean of crude est. all genders BMI > 30, year 2010","Mean of crude est. all genders insufficient physical activity, year 2010","Value of alcohol consumption, all types, year 2010, in litres of pure alcohol","Mean of crude est. male smoking prevalence, year 2010","Mean of crude est. female smoking prevalence, year 2010","Density per 1M population: health posts, year 2010","Density per 1M population: health centres, year 2010","Density per 1M population: district/rural hospitals, year 2010","Density per 1M population: provincial hospitals, year 2010","Density per 1M population: specialized hospitals, year 2010"
Afghanistan,AF,12.4,1.9,,0.01,,,2.87,1.19,0.18,0.1,0.08
Albania,AL,51.4,16.5,,5.79,53.1,8.7,12.95,,0.72,0.34,0.28
Algeria,DZ,53,20.7,32.5,0.5,,,,,,,
Andorra,AD,68.6,29.4,30.9,10.9,39.2,28.8,,,,,
Angola,AO,24.3,7,,7.01,,,,,,0,0
Antigua and Barbuda,AG,59.4,27.8,,7.82,,,,,,,222.07
Argentina,AR,59.1,23.7,40.1,8.33,33.4,22.4,,,,,
Armenia,AM,52.8,17.8,,3.96,56.7,1.8,7.7,0.52,1.75,1.52,0.61
Australia,AU,63.8,27.1,25.8,10.62,19.6,15.8,,,,,
Austria,AT,54.6,18.2,26.4,11.3,38.8,36.7,,,,,
Azerbaijan,AZ,52.7,18.6,,2.1,49.9,0.5,,7.62,5.44,2.18,0.54
Bahamas,BS,66.9,33.6,43,9.29,,,43.75,0,0,0.87,0.29
Bahrain,BH,67.5,31.1,,1.95,34.8,6.5,,,,,
Bangladesh,BD,14.8,2.6,25.1,0.01,46.6,1.4,6.54,0.02,0.04,0.09,0.05
Barbados,BB,62,29.8,38.7,8.46,13.2,1.2,4.02,0,0,0.73,0.37
Belarus,BY,57.5,22.4,,14.09,51.3,11.4,14.98,2.79,4.01,2.72,0.53
Belgium,BE,58.5,20.4,37.4,10.05,29.1,21.3,,,,,
Belize,BZ,48,18.5,,6.85,,,12.84,12.84,1.28,0.32,0.64
Benin,BJ,23.7,6.8,5.4,1.16,15.6,1.1,,6.36,0.29,0.06,0.12
Bhutan,BT,21.5,4.7,7.5,0.17,,,26.45,1.65,1.38,0.28,0.14
Bolivia (Plurinational State of),BO,46.6,14,,3.87,35.8,19.7,14.82,9.44,0.84,,0.31
Bosnia and Herzegovina,BA,53.2,18.1,20.6,4.75,50,31.7,42.82,0,0.03,0.88,0.13
Botswana,BW,39.3,16.7,24.5,5.01,,,,,0.8,0.35,0.15
Brazil,BR,50.4,17.4,27.2,7.33,22.2,13.3,,,,,
Brunei Darussalam,BN,44.5,15.9,,0.25,29.1,3.6,3.51,0.5,0.75,0.5,0.25
Bulgaria,BG,61,23.1,23,10.93,47.1,32,,,,,
Burkina Faso,BF,19.1,4.4,16.4,4.55,31.1,5.5,,10.35,0.98,0.1,0.02
Burundi,BI,11.9,1.6,,4.05,,,0,6.07,0.39,0.18,0.04
Cabo Verde,CV,30.3,9.6,18.5,4.45,19.1,4.1,33.67,3.83,0.6,0,0.4
Cambodia,KH,14,2.1,9.7,2.13,46,4,0.8,7.02,0.43,0.12,0.06
Cameroon,CM,27.1,8.2,29.3,5.89,28.5,0.9,8.43,0.72,0.77,0.09,0.05
Canada,CA,65.6,27.7,25.9,8.4,20.9,15.8,,,0.88,1.33,0.14
Central African Republic,CF,17.7,3.7,10.5,1.56,,,12.77,2.09,0.3,0.11,0.09
Chad,TD,20.7,5.7,22,0.47,,,6.72,0,0.57,0.17,0.01
Chile,CL,61.3,25.7,21.6,7.67,42.8,38.3,11,0.12,0.58,0.13,0.36
China,CN,30.5,5.4,23.8,4.88,50.1,2.2,,,,0,0
Colombia,CO,52.8,18.4,63.5,4.34,18.3,7.4,,,,,
Comoros,KM,20.5,4.8,12.5,0.17,25.2,7.9,7.08,1.63,0.27,0.27,0.14
Congo,CG,27.9,8.2,22.4,3.47,26.4,1.7,,,,,
Cook Islands,CK,78.1,47.3,65.5,8.78,,,,,,,
Costa Rica,CR,56.6,21.3,,4.07,20.9,9.8,2.21,0.69,0.28,0.24,0.3
Cote d'Ivoire,CI,25.6,6.9,20.4,2.92,,,,12.18,1.19,0.47,0.1
Croatia,HR,60.7,23.4,19.8,12.21,39.4,31.6,0.82,0.3,0.5,0.66,0.34
Cuba,CU,58.1,24,,4.01,53.2,21.3,7.53,0.64,0.15,1.47,0.43
Cyprus,CY,59.6,22.5,35.3,10.8,,,,3.44,,7.16,0.63
Czech Republic,CZ,65.3,27.2,26.2,13.23,38.5,29.2,229.33,0.16,0.41,0.65,0.26
Democratic People's Republic of Korea,KP,20,2.3,,3.35,,,25.72,4,6.47,0.55,
Democratic Republic of the Congo,KR,16.6,3.1,25,2.13,,,,,0.44,0.02,
Denmark,DK,56.9,19.4,26.6,10.08,23.4,20.9,69.93,4.52,0.52,0.41,0.09
Djibouti,DJ,26.4,7.1,,0.49,,,,,,,
Dominica,DM,55.1,22.9,26.2,7.45,,,90.03,0,2.95,2.95,0
Dominican Republic,DO,50.8,19.9,35,6.05,19.5,10.9,,,,,
Ecuador,EC,49.9,15.9,24.5,3.87,15.9,3.8,3.17,0.39,0.06,0.2,0.1
Egypt,EG,56.8,24.7,31,0.21,43.9,0.5,0.39,0.26,0.5,,0.12
El Salvador,SV,51.3,18.4,,2.55,,,9.46,0.05,0.4,0.03,0.05
Equatorial Guinea,GQ,36.3,13.8,,7.97,,,,,,,
Eritrea,ER,15.2,2.8,9,0.63,,,3.52,1.07,0.3,0.11,0.02
Estonia,EE,58.3,22.8,15.2,15.04,45.2,25.6,36.16,,1.34,0.3,0.22
Ethiopia,ET,15.1,2.7,17.1,1.17,9,0.5,17.18,0,0.22,,0.03
Fiji,FJ,68.6,34,15.7,2.31,42.3,13.1,,,,0,0
Finland,FI,57.7,21.2,26.2,9.96,26.3,20.6,41.01,3.62,0.43,0.88,0.09
France,FR,62,23.6,26.4,11.8,32.1,26.2,,,,,
Gabon,GA,38.6,14,24.5,8.64,,,32.68,2.46,2.72,0.8,0.4
Gambia,GM,25.5,7.4,18.7,2.99,,,28.47,1.79,0.41,0.23,0.12
Georgia,GE,54.6,19.5,22.5,6.66,59.6,6,13.76,,,,2.21
Germany,DE,57.6,20.8,23.4,11.22,34.3,29,,,,,
Ghana,GH,27.4,8.9,14.6,1.76,11.6,0.5,1.18,9.69,1.38,0.03,0.04
Greece,GR,62.8,23.2,15.4,9.08,55.6,35.2,,,,,
Grenada,GD,51.4,21.5,30.2,8.42,,,34.45,4.79,0.96,0,0
Guatemala,GT,45.7,15,12.4,2.14,,,3.81,0.54,0.3,0.03,0.03
Guinea,GN,21.4,5,8.2,0.18,,,7.34,4.15,0.31,0.1,0.03
Guinea-Bissau,GW,21.5,5.3,,2.55,,,6.34,37.09,28.84,0,34.65
Guyana,GY,47.9,19.2,,7.49,,,27.17,15.64,2.12,1.33,0.13
Haiti,HT,32.4,9.1,,5.85,20.7,2.9,,0.3,0.17,0.04,0.04
Honduras,HN,44.9,14.5,,3.08,40.3,2.7,18.74,0.78,0.21,0.08,0.09
Hungary,HU,61.5,24.3,20.9,11.46,35.9,27.5,5.78,0.11,0.74,0.17,0.11
Iceland,IS,58,22.2,,10.22,21.1,18.1,17.8,1.87,2.19,0.94,0.62
India,IN,18.9,3.8,12.1,2.5,24.4,2.9,,,,,
Indonesia,ID,20.8,4.2,22.8,0.08,68.4,4.2,9.66,3.56,0.45,,
Iran (Islamic Republic of),IR,55.7,21.7,31.9,0.03,23.8,1.5,,,,,
Iraq,IQ,49.5,18.5,46.3,0.2,,,7.36,,,0.82,0.19
Ireland,IE,60.1,24,36,11.41,25.5,24.4,,,,,
Israel,IL,62.5,23.9,,2.55,41.8,20.4,,0.01,,0.5,0.08
Italy,IT,61.9,21.9,35.9,7.25,29.7,19.8,,,0.11,1.84,0.14
Jamaica,JM,55.6,24.1,28.1,3.33,29.3,6.7,,,0.4,0.29,0.07
Japan,JP,25.3,3.1,38.7,7.09,38.4,11.7,,,,,
Jordan,JO,58.9,25.3,12.1,0.59,58.9,9.5,22.63,,1.66,0.48,0.13
Kazakhstan,KZ,55.4,20.8,20,6.64,47.8,9.9,22.99,,2.04,1.4,0.17
Kenya,KE,20.6,4.6,16.9,1.86,26.3,2.4,8.27,6.55,1.55,0.04,0.02
Kiribati,KI,71.2,38.6,39.6,0.54,69.3,43.7,85.39,144.66,0,0,0
Kuwait,KW,70.9,35,53.6,0.1,,,,,,,
Kyrgyzstan,KG,41.6,11.6,12.3,2.39,50.4,3.9,17.77,,1.86,0.15,0.73
Lao People's Democratic Republic,LA,14.4,2.1,9,5.18,61.7,11.9,,10.77,2.03,0.26,0.11
Latvia,LV,59.4,23.9,23.8,9.85,51.6,24.4,,1.38,0.44,0.31,0.67
Lebanon,LB,64.6,27.5,39.1,1.62,41.7,28.3,2.79,0.07,0.88,1.89,0.76
Lesotho,LS,29.1,10.8,6.1,0.83,47.2,0.5,,,,,
Liberia,LR,20.3,4.7,25.9,0,23.9,2.8,10.01,1.13,0.38,,0.03
Libya,LY,62.8,27.9,36.6,0.01,,,28.54,1.64,1.56,0.54,0.49
Lithuania,LT,60.2,25.1,20.2,12.4,42.3,21.8,26.36,5.24,0.27,1.17,1.32
Luxembourg,LU,58.8,22.4,30,11.42,28.4,22.7,,,0.2,0.2,0.79
Madagascar,MG,18.5,3.8,16,0.91,,,14.35,0.3,0.37,0.12,0.03
Malawi,MW,17.3,3.5,6.2,1.16,27.6,7,0.49,2.53,0.25,0.15,0.03
Malaysia,MY,32.8,10,51.6,0.47,46.2,1.8,,,0.33,0.07,0.08
Maldives,MV,24.2,5.7,30.3,1.59,,,12.03,39.25,6.65,0.63,
Mali,ML,20,4.7,21.2,0.59,30.3,3.5,,5.68,0.38,0.05,0.03
Malta,MT,65.5,26.7,45.2,7.38,32.5,22,2.16,1.92,0.48,0.24,0.24
Marshall Islands,MH,73.9,40.9,47.6,,,,1.85,96.23,0,3.7,0
Mauritania,MR,25.1,7.2,42.5,0,35.8,4.2,13.09,4.28,0.78,0.17,0.2
Mauritius,MU,43.1,15.7,25.4,2.83,42,3.7,8.47,0.15,0.15,0.38,0.38
Mexico,MX,60.5,25,25.4,5.27,25.1,8.4,110.08,,,3.73,0.06
Micronesia (Federated States of),FM,61.9,31.8,36.6,2.06,,,22.75,0,0.93,0,0
Monaco,MC,,,,,,,,,,11.3,
Mongolia,MN,43.4,12.9,19.6,4.61,50.3,6.3,42.27,16.84,1.27,1.31,
Montenegro,ME,56.7,19.9,,6.45,,,2.85,,1.43,0.48,0.16
Morocco,MA,51.5,19.1,,0.62,40.6,1.9,,,,,
Mozambique,MZ,17.6,3.7,4.8,1.18,34.8,6.4,,,,,
Myanmar,MM,14.5,2,9,0.28,38.3,8.6,4.21,1.06,0.57,0.08,0.06
Namibia,NA,36.2,14.8,29.7,7.99,35.1,12.3,12.88,2.32,1.31,0.18,0.44
Nauru,NR,76.6,44.8,44.2,0.97,46.9,55.5,,,,9.75,
Nepal,NP,15,2.5,3.3,0.22,39.7,16.1,2.33,0.67,0.22,0.1,0.04
Netherlands,NL,57.4,19.9,17.9,9.23,29.4,25.9,,,,,0.77
New Zealand,NZ,63.9,27.7,40.7,9.24,,,,,,,
Nicaragua,NI,43.6,14,,3.36,,,15.38,2.73,0.45,0.45,0.1
Niger,NE,16.4,3.2,23,0.11,14.4,0.2,16.07,5.71,0.5,0.07,0.06
Nigeria,NG,26.8,7.8,19.8,9.05,15,1.3,,,,,
Niue,NU,72.1,40.1,7.1,7.06,23.2,12.5,,,,,
Norway,NO,60.1,23.1,28.8,6.68,28,27.1,,,,,
Oman,OM,58.4,24.6,,0.56,17.5,1,3.63,2.66,1.26,0.36,0.14
Pakistan,PK,19,4.1,24,0.03,40.2,4.2,3.13,0.87,0.37,0.09,0.1
Palau,PW,77.2,45.4,,,,,,,,,
Panama,PA,58.1,23.1,,6.87,14.1,3.2,13.65,11.03,0.43,0.37,0.2
Papua New Guinea,PG,55,23.7,12,0.82,,,37.91,9.87,1.3,0.28,0.1
Paraguay,PY,43.3,13.3,23.3,5.39,33.1,9.7,10.18,1.83,2.17,0.12,0.26
Peru,PE,52.9,17.5,,4.69,,6.9,,,,,
Philippines,PH,20.1,3.8,14.4,4.42,47.6,9.7,,,1.56,0.23,0.13
Poland,PO,61.5,24.5,20.5,10.7,36.5,27.7,,,0.18,0.61,0.15
Portugal,PT,57.3,20,37.3,12.03,32.9,14.2,3.06,0.18,,,
Qatar,QA,73.2,36.6,33.3,1.11,,,,,,,
Republic of Korea,KR,31.1,4.6,34.7,8.97,53.3,4.6,,57.73,2.83,0.57,0.09
Republic of Moldova,MD,45.5,14.1,13,8.45,44.1,5.4,31.32,,0.95,0.59,0.5
Romania,RO,58.3,21.3,26.5,10.4,41.4,23.9,0.02,0.06,0.43,0.51,0.76
Russian Federation,RU,58.8,23.8,11.1,11.21,61.2,22.4,,,0,,
Rwanda,RW,15.5,2.5,13.6,7.11,,5.8,,,,,
Saint Kitts and Nevis,KN,56.7,25.6,37.3,9.68,,,0,32.44,3.82,3.82,0
Saint Lucia,LC,54.1,23.4,41.5,11.09,,,19.51,,,,1.72
Saint Vincent and the Grenadines,VC,52.2,21.2,,6.85,,,35.67,0.91,0,0,0
Samoa,WS,70.9,40,15.3,2.88,47.4,20.9,0,1.64,3.28,0.55,0.55
San Marino,SM,,,,,,,9.51,0,0,3.17,0
Sao Tome and Principe,ST,27.6,8.7,13.4,4.13,,,16.93,2.42,0,,
Saudi Arabia,SA,64.6,30.1,58.5,0.09,24.9,3,0,0,0.22,0.86,0.01
Senegal,SN,24.6,7.1,22.1,0.3,21.2,0.9,7.81,0.61,0.18,,
Serbia,RS,55.1,19.2,41.4,9.85,46.8,40.2,1.6,1.6,0.41,0.42,0.23
Seychelles,SC,52.3,23.2,20.6,4.94,44.8,9.5,21.96,5.78,0,0,1.16
Sierra Leone,SL,20.9,5.3,11.6,3.97,52.1,14.4,,1.26,,,
Singapore,SG,31.7,5.4,33.7,1.73,27.6,5.3,63.01,,,0.53,
Slovakia,SK,61.1,24.6,19.2,10.63,41.4,18.6,0.29,,0.11,0.48,0.95
Slovenia,SI,62.6,25.2,24.1,10.52,24.6,19.5,3.15,,,0.49,0.1
Solomon Islands,SB,53.9,23.2,34,1.21,,,,,,,
Somalia,SO,17,3.3,,0,,,,,,,
South Africa,ZA,48.3,22.8,47.1,7.6,32.5,8,6.19,0.58,0.56,0.13,0.03
South Sudan,SS,22.9,5.4,,,,,,,,,
Spain,ES,62.9,24.2,33.4,9.99,35.3,28.6,,,1.19,0.31,0.16
Sri Lanka,LK,22.4,4.9,23.7,2.05,29.3,0.6,278.04,,0,,
Sudan,SD,22.9,5.4,,1.99,,,9.39,3.21,0.56,0.59,0.03
Suriname,SR,54.8,23,,5.13,,,46.51,1.14,0.19,0,0.19
Swaziland,SZ,33.9,13.2,34.2,4.9,17.8,2.5,13.66,0.67,0.17,0.51,0.17
Sweden,SW,57.1,20.2,31.1,7.3,23.8,24.5,,,,,
Switzerland,CH,56.6,19.4,,10.15,29.2,21.7,,,,,
Syrian Arab Republic,SY,51.5,18.9,,0.81,,,,,,,
Tajikistan,TJ,38.3,10.3,,0.3,,,24.73,12.21,3.62,1.92,0.04
Thailand,TH,27.7,7.1,14.6,5.88,43.2,2.5,41,,1.07,0.6,0.12
The former Yugoslav republic of Macedonia,MK,55.3,19.1,,1.77,,,,,,,
Timor-Leste,TL,11.2,1.4,,0.09,,,,,,,
Togo,TG,21,5.4,8.7,1.24,,,,12.38,0.58,0,0.1
Tonga,TO,71,39.5,21.6,1.08,49.3,13.6,14.42,13.45,2.88,0.96,
Trinidad and Tobago,TT,58.4,27.2,41.7,6.37,,,7.83,0.3,,,
Tunisia,TN,58.8,23.9,22.6,1.4,,,19.64,,1.25,0.91,0.29
Turkey,TR,62.9,26.4,32.3,1.4,45,14.4,10.33,0.28,,1.27,0.33
Turkmenistan,TM,48.6,16,,2.35,,,,,,,
Tuvalu,TV,70.3,37.5,,1.31,,,,,,,
Uganda,UG,16.5,2.9,,9.63,19.3,3.4,8.99,3.77,0.34,0.04,0.01
Ukraine,UA,54.8,20,14.4,8.71,52.6,14.6,,,,,
United Arab Emirates,AE,64.6,29.1,30.2,1.73,,,,,,,
United Kingdom of Great Britain and Northern Ireland,GB,64.3,27,40,10.79,23,21.4,,,,,
United Republic of Tanzania,TZ,20,4.6,5.5,3.97,30.3,4.1,,,,,
United States of America,US,67.7,32.4,35,8.71,22,17.3,,,,,
Uruguay,UY,59.9,24.6,34.2,6.67,32.3,24,17.81,1.19,,3.56,0.42
Uzbekistan,UZ,42.9,12.2,18.1,2.56,26.5,1.4,,,,,
Vanuatu,VU,62.1,30.4,7.1,0.83,,,125.18,16.27,1.67,0.42,0.42
Venezuela (Bolivarian Republic of),YV,58.8,22.5,,7.59,,,,,,,
Viet Nam,VD,16.8,2.4,23.6,3.86,48.3,1.4,,,,,
Yemen,YE,38.6,12.9,,0.03,,,11.53,4.82,2.09,0.91,0.01
Zambia,ZM,22.4,5.7,17.7,2.3,27.8,5,1.31,9.25,0.33,0.14,0.04
Zimbabwe,ZW,24.5,7.7,19.7,4.64,31.8,2.4,0,10.59,0.41,0.09,0.09
